Txn Date,Narration,Withdrawal,Mode
01/10/2026 13:05,Zomato,412.00,UPI
01/10/2026 19:40,BigBasket,1236.50,Debit Card
02/10/2026 09:02,Rapido,96.00,UPI
02/10/2026 21:15,Truffles Cafe,640.00,UPI
03/10/2026 01:47,Royal Electronics Hub,4985.00,Credit Card
03/10/2026 18:30,Namma Metro,60.00,UPI
04/10/2026 12:20,Myntra,1899.00,Credit Card
04/10/2026 12:26,Myntra,1899.00,Credit Card
05/10/2026 09:10,Airtel,799.00,UPI
05/10/2026 20:05,Swiggy,388.00,UPI
06/10/2026 02:58,Bet Arena Online,15000.00,UPI
06/10/2026 13:30,Apollo Pharmacy,342.00,UPI
